,camera_id,pole_length_cm,pole_length_px,pixel_cm_conversion,width,height
0,TLS-A1N,304.8,986.5629736112427,0.3089513879527645,2448,3264
1,TLS-A2S,304.8,1921.481645507193,0.15862758861771237,3420,6080
