,camera_id,first_pole_length_cm,first_pole_length_px,conversion,width,height
0,TLS-A1N,304.8,950.1948459175612,0.32077631373138854,2448,3264
1,TLS-A2S,304.8,1922.9265713212621,0.15850839264786323,3420,6080
